bedtime,screen_time,stress,weather,alarms,sleep_duration
1391,64,5,cloudy,4,7.18877493730428
43,109,10,sunny,5,6.811086627363203
1355,145,9,rainy,3,6.84389761082138
47,128,2,cold,4,6.682928429499265
3,62,2,rainy,3,7.8859795825209
1264,41,0,rainy,5,8.09980029616648
1375,60,6,hot,2,8.036157422020795
1356,53,4,hot,5,7.927216790131639
1327,91,3,cold,1,7.586666186125529
41,155,9,cloudy,3,7.114678768294739
1428,159,3,cold,2,6.553836908449844
1347,46,3,cloudy,3,6.96866730741846
30,105,5,rainy,3,6.288610728859806
1317,65,7,sunny,4,7.424586288366208
1388,114,7,cold,1,6.457166274825292
1313,68,4,cold,3,8.480870570963484
1430,140,5,cloudy,5,7.394688347928141
28,165,3,rainy,5,8.26421634583702
1213,44,10,rainy,4,7.215752299827899
1419,102,8,cloudy,1,6.462879911176303
1300,106,7,rainy,1,7.192792798526413
21,144,9,hot,5,6.001219034943669
1390,85,9,sunny,2,6.983551926760578
1222,58,0,cold,4,7.342855499988959
1200,103,1,sunny,4,6.7492883125056675
1365,168,8,cold,5,7.773966570557894
1356,33,7,hot,5,7.87427091396788
1280,157,2,rainy,2,8.086887821805554
1405,46,7,cloudy,2,7.801331127320246
1425,13,0,hot,1,7.0655732002603955
1355,117,9,sunny,4,6.16910756717853
1433,135,3,cloudy,4,7.026224721939382
1402,29,2,rainy,5,6.5730063726560815
1256,161,5,hot,1,6.627801380529368
1320,59,6,cloudy,4,6.8885326122875
53,105,3,hot,1,7.7675316364146205
1374,114,6,hot,1,9.140645818253953
50,173,8,rainy,5,6.278482756996308
1239,126,10,cold,1,7.233179538682358
1274,107,1,cloudy,2,7.257990001918895
1400,75,10,rainy,2,7.619226033590643
1246,88,2,hot,3,6.7399194657162695
1388,171,4,rainy,5,8.68329135109522
1312,173,2,cold,3,7.480489146075027
1268,15,10,cloudy,2,6.786492530265186
1209,48,7,cold,3,8.017529953797409
1311,179,9,sunny,5,5.662821179188791
56,124,7,cloudy,5,7.335305582976903
1312,134,7,cold,1,7.877287312142767
1405,21,8,hot,4,7.101128219336521
1420,140,3,cloudy,1,8.713978308393644
1414,27,4,cloudy,5,8.013253056050445
1431,49,4,rainy,2,7.967006009351408
24,30,7,hot,2,8.339031416171279
1345,152,6,sunny,1,7.819531149893002
1210,108,8,cold,5,7.606736574942221
1417,35,7,rainy,2,7.689526812617647
1261,17,1,cold,5,8.864466548808462
1386,109,9,sunny,2,5.9993213813764665
1277,96,3,sunny,5,6.439850161821505
1286,51,5,cloudy,3,7.47897820585025
1413,23,1,sunny,5,6.616281031196382
26,87,6,cold,5,6.849406286550499
1276,11,2,hot,1,7.963226910551265
1302,128,2,hot,3,7.134578129808422
1438,46,10,cloudy,4,7.106134541420303
1303,78,1,cold,1,6.776126670938247
1318,175,10,cold,4,7.274218307316166
1430,50,7,sunny,2,6.728686005692971
1433,71,5,cold,4,5.690331966854414
1223,69,0,rainy,5,7.717226547205943
24,134,0,sunny,4,8.304018800943618
6,120,6,rainy,1,7.120667904525484
1311,23,7,cloudy,1,6.384640236577835
5,93,4,hot,4,7.411278699254609
1312,139,10,cloudy,1,7.422027899284225
1223,79,4,hot,1,7.450043399595433
1412,154,3,cloudy,4,7.352422376209189
1428,132,5,cold,3,7.372994131877036
1408,98,5,rainy,3,6.141358334237387
42,37,2,hot,2,7.050282830008828
1221,75,8,sunny,1,6.146746468264841
25,172,10,rainy,4,8.101661501174908
27,14,6,sunny,1,8.041438069991859
1249,177,0,rainy,5,7.830257270438359
1220,173,6,rainy,1,5.850286193841089
1248,54,4,cloudy,1,8.135986263812056
1206,160,4,hot,3,7.791168994847385
1396,56,1,hot,4,8.222647433579777
1339,40,3,rainy,1,7.564178682222347
1360,148,5,cold,3,7.898070125216955
1248,19,9,cold,2,7.409949644977697
1339,127,10,sunny,3,7.565096226531877
1373,23,6,sunny,3,7.823752238217734
1221,89,10,cloudy,3,7.0631826847065176
1347,102,4,rainy,1,7.000131107285514
39,19,8,sunny,1,7.242578194702045
1308,85,2,sunny,2,8.078642673229586
1266,103,0,rainy,5,7.589079185724036
1200,114,3,cloudy,5,6.844641095408435
1411,10,8,sunny,5,7.330672420538029
1212,142,3,cloudy,2,8.413574953915209
1409,29,1,hot,5,7.898984715563773
1282,17,9,cloudy,5,6.919137082051616
1250,10,4,cold,3,7.923114890566773
58,66,2,cold,1,7.685137002572151
1375,73,8,cloudy,1,5.605113663739938
1398,127,3,cold,3,7.9489789105667965
1351,37,5,hot,3,7.899223617721434
1349,130,1,rainy,3,7.711594587466729
1228,116,5,cold,1,7.79389417481901
1368,174,2,cold,5,8.274154749081276
44,174,8,cloudy,3,7.0291559413259685
1348,58,10,hot,2,6.455694011767806
1229,129,1,rainy,3,6.8273293616209765
15,53,8,cloudy,4,8.205830736398688
1299,65,4,cloudy,3,6.0973080766521885
1338,165,7,hot,1,6.87776334202466
1217,120,1,rainy,3,8.015989493255537
1260,143,5,hot,4,6.157891282334544
1273,117,2,rainy,2,7.462399415956871
1430,157,9,hot,5,7.1457968830863425
46,123,4,cloudy,3,6.323394382053125
1369,87,7,cloudy,4,8.433777193382701
1201,139,9,sunny,4,5.955827520099938
1433,46,0,cold,2,8.337429434356105
27,29,4,hot,1,7.455308954012153
1428,35,2,sunny,3,7.788816958741915
49,38,3,cold,4,6.731112162933532
29,10,1,hot,2,8.723132480053462
1357,128,8,rainy,5,7.035221443478067
50,44,2,cold,4,8.85440487229723
1383,68,1,cloudy,2,6.937876313497066
0,78,9,sunny,1,6.806383176783102
1327,170,10,cold,1,6.77977140608988
1348,21,8,cold,4,7.2347222633612756
1434,29,6,cloudy,4,7.930892533140294
1298,52,5,hot,3,7.329417830136635
1262,135,0,rainy,2,9.159297356935284
31,59,4,cloudy,4,7.655193978502419
1209,38,10,rainy,3,5.111979166550652
9,48,10,hot,3,6.811894616146291
1398,160,2,cold,4,7.966751854228955
1425,47,0,rainy,1,7.163060430332524
1413,93,3,sunny,2,6.61561141509102
1439,160,1,sunny,2,6.513914104772588
1412,137,1,cloudy,1,6.482078179541476
1342,135,2,hot,4,7.282902607644407
1314,54,7,cloudy,2,7.966293198527371
1407,61,7,cloudy,4,8.380144361407293
1231,89,6,cloudy,4,5.656675278730303
1249,133,5,sunny,3,6.683702510626337
1206,128,8,sunny,1,7.1501480084171805
1228,17,3,cloudy,4,7.831284149444441
1327,94,0,sunny,5,9.168014677598485
1200,138,7,hot,1,6.051880466312003
1436,17,6,cloudy,2,5.70685866799006
54,166,6,sunny,3,8.769625427274526
1202,105,2,rainy,2,8.164301356408519
1343,111,3,cloudy,2,7.116804682777395
1342,14,9,cloudy,1,7.574557033233788
1258,95,8,hot,2,6.898412011243571
7,43,5,cold,4,6.969894441625316
1253,64,4,cold,2,7.538453557256946
1376,128,2,hot,3,7.543543183560753
1306,167,8,hot,3,7.990936364546711
1416,123,4,hot,5,7.783607522621472
1322,154,4,cold,3,8.085786796614125
1250,35,3,hot,2,6.73403039858399
1412,145,3,sunny,3,7.152474733274098
1227,56,0,cloudy,1,8.014279379726236
1246,122,6,cloudy,3,5.7121285491353895
1267,85,8,rainy,4,7.943762630212581
1413,81,2,rainy,1,8.089362873896706
1414,98,1,cloudy,5,7.380911689412928
1291,55,2,sunny,4,7.632333835340585
1343,42,0,cold,2,8.796981321254824
1213,10,5,cold,2,6.807776050666067
31,156,10,sunny,2,7.743103134380714
1255,40,10,cold,4,6.888197227092413
1245,151,6,hot,4,7.18289694822639
1362,62,10,cloudy,4,7.153966123518985
1215,57,10,cloudy,1,8.322891430579908
1263,78,1,sunny,1,7.101870767610035
1311,114,7,cold,2,6.639026559060502
1416,99,5,rainy,3,6.019930459336381
53,72,3,rainy,2,6.7174156388845505
1220,82,4,cold,5,8.009725393352435
1213,170,7,rainy,1,8.035366226060427
1350,178,2,sunny,4,7.543746140791657
1314,98,2,sunny,1,7.38560490373244
47,22,10,cold,4,6.302482880674864
1397,82,3,rainy,5,8.076496349872487
1266,86,0,sunny,5,7.116685995247708
1389,168,8,sunny,1,5.819494661458377
1326,77,7,hot,4,6.948812309249724
1352,107,7,hot,5,5.317903197661831
1222,134,9,sunny,2,5.4327212140081365
20,111,5,cold,2,8.761352765367972
1398,141,6,cloudy,4,5.587644852745349
1307,111,5,cloudy,1,6.091471141907975
1338,28,8,sunny,5,7.305311045806759
1235,91,2,sunny,1,7.4768682151809
1228,150,2,sunny,2,7.494947210067141
1439,32,2,cold,5,6.2454814536705445
1337,92,9,hot,1,7.621428944404307
1,118,2,sunny,3,7.109984049018901
1320,84,8,sunny,4,7.6390683274601185
1426,138,3,rainy,4,6.640768127597827
1384,97,6,cold,3,7.834721124217469
1339,63,8,sunny,2,8.007235185974336
1390,98,10,rainy,5,6.649614991102867
1361,152,6,cloudy,4,7.778849836580485
1261,74,8,sunny,3,6.019292918075009
1322,85,2,sunny,3,7.78136109134213
1342,152,3,rainy,2,8.367649489639335
1434,158,7,cold,2,7.109097511004472
1391,156,5,sunny,1,8.89678250692728
1219,69,4,cloudy,4,7.859228086422824
1204,102,3,sunny,1,7.184080449909974
1296,170,7,cloudy,3,9.04516253459117
1237,58,0,hot,5,9.03348682608329
1349,44,8,hot,5,6.3219824125506445
1388,111,0,cloudy,2,7.108016779471325
1233,20,7,cold,5,6.4291576636201695
1252,108,3,sunny,5,7.770983452113994
1303,119,8,sunny,5,7.6730428525186305
1294,83,10,hot,3,7.08630852442368
1371,18,4,cloudy,5,6.538705775843593
1437,12,2,sunny,5,7.3961662828895935
1281,94,8,sunny,5,6.50478736140159
1243,35,10,cold,1,5.681863672317011
1403,81,8,rainy,3,6.385485144465649
1396,57,3,hot,2,8.375814726654585
1209,165,10,hot,1,5.492114019694003
1289,126,3,rainy,4,8.27389829877647
1255,163,7,sunny,3,7.65233262375636
1438,162,1,cold,3,7.048183555727699
45,21,8,cold,4,6.693041038448695
22,142,5,hot,4,7.391518717333115
1351,57,8,cold,4,6.2420385725504355
1216,46,7,rainy,2,6.699965814565231
1249,53,6,sunny,5,7.484443361647052
1370,24,0,rainy,3,6.46141941274452
1336,52,2,cloudy,5,6.594786695133327
1333,96,10,hot,5,6.35220146241593
1388,79,1,cold,4,7.928503805868672
1239,55,4,cloudy,2,7.057895797984669
1381,117,4,cold,1,7.087608218717036
1364,132,4,sunny,2,6.247167989434555
1224,30,3,sunny,5,8.336778853126381
1418,160,4,sunny,2,7.043692156963478
1388,116,2,cold,4,7.4360832106224715
1373,89,0,cloudy,1,7.874035369480572
1221,56,4,sunny,4,7.540216571254821
1362,126,8,cloudy,1,6.526296356142155
1245,133,8,cold,5,7.512724409134649
3,152,3,cloudy,1,7.17293734744665
1285,34,2,cold,1,7.537253087942498
1317,45,0,cold,1,7.915542890385231
1288,60,1,hot,2,7.760230928818099
1364,24,7,cold,2,7.476052148941671
33,77,0,cold,5,8.017275979058299
1222,30,7,rainy,1,6.90454852967151
1416,150,6,sunny,3,6.311320937245644
1210,28,7,hot,5,7.898688531891662
1385,43,5,hot,1,7.2575803112963175
1217,87,8,hot,1,7.416049488727243
20,134,2,rainy,2,7.868036557627263
1421,126,9,cold,5,6.242482767666496
1355,61,3,sunny,1,8.003993852846788
1240,36,5,cloudy,1,8.240625028235844
1237,166,7,cold,5,7.673665044432148
1413,165,4,rainy,3,7.107756536109758
1336,44,2,cold,5,7.480283203741784
1356,145,5,cold,5,7.564690051513789
24,153,3,rainy,3,6.609984428695233
1357,115,8,hot,5,7.173899102285759
1377,173,2,hot,1,9.427776623254498
1331,167,3,sunny,5,7.663954089954751
1282,155,6,sunny,3,6.628796943214439
52,11,6,hot,4,7.23575745120628
1241,86,3,cloudy,5,7.465632733925394
1401,141,5,cold,2,7.726621079213336
1220,99,2,cloudy,1,7.749777741183464
26,98,5,cold,1,6.809247627486006
1436,103,1,hot,2,7.178396170136623
30,16,7,sunny,2,7.733029046945541
1325,104,1,sunny,5,7.611856765478851
1406,117,10,cloudy,2,6.8077037848008874
1359,83,6,sunny,4,8.060266465973509
1233,48,8,hot,3,8.80389530096699
1211,150,0,cloudy,2,6.456534901561525
1424,168,7,cold,2,7.4678202239879985
1436,80,6,sunny,4,7.164823013121566
52,65,5,rainy,1,6.081538575375796
6,179,5,sunny,1,7.382160364021541
1329,51,5,cold,5,7.722785444894581
1424,45,8,cloudy,4,7.631492504219735
1216,93,1,cold,3,6.584681173347541
25,127,0,rainy,3,7.548319323526874
20,16,5,hot,4,6.734117469686309
1227,63,9,sunny,3,8.61369632246251
57,138,10,cloudy,1,7.377942095920166
1365,129,7,hot,3,6.372235223276093
1381,115,2,cold,3,6.527381974552338
1259,56,9,cloudy,4,6.897608633566382
1433,132,0,hot,4,8.465728141830411
42,150,8,cloudy,3,5.895933940824164
0,128,0,rainy,2,6.991397218293009
1250,159,2,rainy,4,6.474229453172621
1372,127,7,sunny,5,7.7930099342569354
1295,30,2,sunny,5,7.433555337713722
1250,146,3,rainy,1,7.294828873793032
1285,35,7,cloudy,3,7.28773408279234
1288,18,0,rainy,2,7.324165083384018
1340,24,5,sunny,1,6.4919935688573345
1270,19,0,rainy,3,8.868235906367918
1299,131,0,rainy,4,8.439859222955409
1330,130,7,cloudy,5,7.127015851341328
1295,134,10,hot,2,6.918568122676634
1308,179,3,sunny,5,7.881966737512922
1318,81,0,cloudy,4,7.936194624605317
1238,161,9,rainy,3,6.435356298395527
1239,58,6,rainy,4,7.560802863526143
1234,163,4,hot,4,8.413717242333897
1373,100,4,sunny,5,7.664992907558391
33,46,0,sunny,2,7.328208604871433
1314,77,9,cold,4,7.052505800569043
1306,59,10,sunny,5,7.474945483664637
1343,161,5,hot,2,7.361059067550693
1313,28,8,cold,3,7.603766782500497
1221,109,8,cold,3,6.656501133497048
4,69,7,rainy,1,7.951186342171644
1435,176,4,rainy,5,7.035584526814316
1292,98,0,sunny,2,7.27329438719941
1257,155,8,cold,4,7.146994926572462
1415,156,0,rainy,3,7.4528456101300895
46,173,7,hot,2,5.943490825428797
1399,78,4,rainy,5,6.508321338486735
1218,58,2,rainy,1,7.492938195623156
1414,117,10,cold,3,7.19444527127161
1371,170,6,cold,2,5.883317601024221
1422,128,6,cloudy,2,6.606273570883149
1276,158,8,hot,2,5.85014152152273
1318,159,6,cold,5,7.98285882535154
1364,46,10,sunny,5,8.389225610932474
1242,152,2,hot,5,8.821179736887764
1293,172,10,hot,4,6.96524934295153
8,169,0,cold,2,8.175079438278704
1285,20,7,hot,3,5.907323860542962
1261,147,2,cold,5,7.546447387313902
1252,87,7,rainy,5,6.436612923584098
1388,86,7,cloudy,2,7.714657111028987
1268,162,4,rainy,5,5.381907133576881
1359,11,0,cold,4,8.08066785270081
1396,73,9,cold,4,6.680445607407795
0,44,6,rainy,5,8.215455187321272
1224,16,9,sunny,2,8.55241316403492
42,94,4,sunny,2,6.863700222848558
1419,155,7,sunny,2,6.030685184134321
1421,76,8,cold,1,7.458931170463903
1404,51,10,hot,5,8.098870824875064
38,127,6,cold,2,6.80482050642011
1414,134,6,hot,4,6.489000371618979
2,176,0,rainy,3,6.604458761077879
1429,178,3,cloudy,3,7.02135909692748
1356,33,1,hot,2,7.9985083820520355
1423,55,1,sunny,3,7.199138231093537
43,28,1,cold,3,7.389236852081688
1310,77,3,rainy,1,6.748426539019632
1409,111,0,sunny,4,8.64518343159614
1297,51,3,rainy,4,7.148533206455058
1353,41,1,cloudy,1,7.47232035455007
1211,176,4,cold,1,6.660518172935715
1338,118,2,cold,3,6.107247142912865
1416,45,7,cloudy,5,6.830585129324904
1303,106,3,cold,3,8.075362353846844
1318,173,0,hot,1,6.548351188744883
58,140,0,rainy,4,6.647229559901063
1308,82,9,sunny,3,5.974743502486614
16,145,2,cloudy,5,7.185463039864782
1209,106,8,hot,3,8.28685421873363
1436,132,6,sunny,2,6.952456169070952
54,79,1,sunny,3,7.62818840844672
1248,178,8,cloudy,1,5.623907615495502
1306,22,9,hot,4,7.175963232837324
1271,58,1,sunny,4,8.556500309294014
1215,69,2,sunny,1,7.733587803218525
1283,139,10,hot,2,8.271011357276983
1218,14,9,cold,1,8.280470155395559
7,36,1,sunny,3,7.673115772530772
30,169,2,rainy,1,7.577542748291106
1220,158,5,hot,1,8.01768096369064
16,17,8,sunny,2,7.616457555115221
22,59,8,cloudy,3,8.251937619417285
36,76,6,rainy,5,8.680680367220507
1373,53,2,sunny,5,7.452307071856835
1395,134,3,rainy,4,7.715813835628844
1265,67,5,rainy,1,7.913379772916293
1327,12,10,cold,4,7.901750756792426
24,95,4,rainy,2,8.121938774579988
1217,79,1,cold,5,6.886919526811671
24,139,5,hot,1,6.434674104429305
1391,11,2,cold,2,7.424412947787784
14,111,7,cloudy,2,8.013202717790941
1258,44,1,sunny,1,6.8242658216970975
1405,107,0,hot,2,8.480947863116919
40,39,8,hot,1,7.826222243890157
1424,125,2,cloudy,1,8.2215954252134
1285,17,10,cold,3,6.719840590696279
1306,159,0,sunny,4,7.2008331225059745
31,53,6,cold,2,7.259466984846634
1389,45,9,rainy,2,7.362078339300886
1215,86,4,cold,3,7.474247152711542
6,40,4,hot,3,7.297366791360732
1276,56,0,sunny,3,7.984070201295224
1282,64,8,cold,5,7.799126836941285
25,115,6,sunny,5,6.205585544933812
1400,167,7,sunny,5,8.044570252428299
1281,130,8,rainy,1,7.549739603980682
1437,64,5,rainy,2,6.513931454293836
1266,153,4,hot,4,7.721758455477488
1273,21,5,cloudy,1,8.18363925813344
1334,154,10,sunny,2,5.297615962552704
1312,153,1,cloudy,2,7.602486311174985
1206,149,3,hot,3,7.3561957981315995
8,145,2,sunny,3,6.639401117151366
50,12,6,sunny,1,7.357830917070886
1427,153,8,cloudy,3,6.745901938441974
1267,39,4,cold,2,8.375119106765942
1249,32,5,rainy,3,7.161221120775172
1438,101,9,cold,5,7.272578447422822
1342,124,1,cloudy,3,6.163994439154893
1408,113,2,rainy,2,7.540053879198161
1397,127,2,cold,1,7.32069658598836
1290,14,8,rainy,4,7.320356300935272
1349,113,6,sunny,3,6.619371827447764
1431,117,7,cold,2,6.356337766533615
1238,74,10,rainy,4,7.070606864342086
1234,130,9,rainy,4,7.707969061193401
17,39,10,rainy,5,6.814112224639918
1378,158,8,cold,4,5.745482558935584
1361,93,5,hot,2,8.52244152668547
38,159,3,cold,2,6.60595830262955
1396,41,0,cloudy,3,6.850797388674719
1333,170,7,cold,3,5.187700557306985
1230,25,6,rainy,3,7.3934905803893125
1223,47,1,sunny,4,7.542585936342822
1294,151,7,cold,4,7.479096371959957
1363,45,4,cold,5,7.93704853049797
1439,160,6,rainy,3,6.826792956861614
44,123,3,sunny,1,7.059475927111469
33,75,4,sunny,5,8.229103888881975
1382,114,7,cloudy,1,7.9309673301618675
1296,94,0,cold,4,8.34316634535161
42,11,0,sunny,5,7.622981740948761
1359,84,3,sunny,5,7.966197000096105
1285,76,2,hot,2,7.322757141991918
1374,160,9,hot,4,6.205117603121561
1222,163,1,sunny,4,6.800137386068706
1303,64,2,cloudy,5,7.293191847592182
38,15,10,sunny,4,7.107501216200005
1274,172,10,rainy,5,7.9015040748132295
1315,159,10,cold,2,5.529610032953781
1308,152,0,cloudy,5,8.361331761816409
1263,95,0,rainy,4,7.450239028261187
1348,69,5,cloudy,4,6.010490911564132
1221,110,4,rainy,5,6.779034891520234
1404,21,7,cold,5,8.405019581439115
1272,58,1,cold,5,7.94151047003411
17,51,3,hot,3,7.821908332979921
1292,175,7,rainy,4,7.842712753887849
15,91,5,hot,4,6.559710638481668
1364,44,0,rainy,3,7.134100363379894
41,167,3,hot,5,5.870765893943091
1423,167,0,cold,2,8.122334323759407
1201,143,1,cloudy,5,8.07560236227373
54,76,4,hot,5,8.027635091721786
34,89,7,rainy,3,6.094208623088437
1241,16,7,rainy,4,6.1052146842130295
1413,23,10,cold,5,6.0807484611708125
1289,82,2,rainy,4,7.119920514012777
58,152,10,sunny,1,8.129911768492027
1254,158,3,cloudy,4,7.938906255839065
1332,172,9,hot,2,6.355864285657429
1212,75,10,cloudy,2,7.120579086104089
1337,100,5,cold,5,6.890712542510972
1411,139,10,hot,4,6.421679953927119
1291,172,10,hot,5,5.762569779922038
1234,29,9,sunny,3,7.445144390637394
58,19,2,cold,2,7.151588907833358
1418,34,1,rainy,5,8.414095427202216
1245,34,5,sunny,3,7.070701700175726
51,63,10,sunny,5,6.396138593920911
1228,42,4,cloudy,4,8.723015585786932
1368,173,9,cloudy,4,6.741609227186245
1228,104,4,cloudy,4,7.333657999359008
1252,23,9,sunny,4,7.714776595232267
1243,74,4,rainy,1,6.448040469788685
1436,119,9,hot,3,7.561611071430184
1215,89,4,cloudy,3,6.995621729171224
55,63,2,rainy,4,8.028935652123145
1363,134,6,cold,1,6.127599057884844
1366,140,5,cloudy,4,6.943923012308808
1256,178,3,hot,1,7.316621578262558
1389,143,1,cold,4,7.921412826561279
1409,34,8,cold,2,7.667720806139675
24,150,0,hot,2,7.556041309995941
1238,126,10,cloudy,5,7.000547570572216
1339,145,3,sunny,4,8.128340883197042
1384,158,0,hot,3,7.277890192240932
1200,34,5,hot,5,7.15020851323522
1409,88,3,hot,2,6.245821312747448
1428,77,4,cold,4,7.213961809696996
1322,21,4,rainy,5,6.266317317837486
1304,41,8,sunny,4,7.312672032812244
13,137,0,cloudy,2,8.486432499575628
55,105,1,cloudy,5,6.115107599542608
1349,101,5,rainy,2,8.013149681248406
1429,150,4,hot,1,7.220768823979669
1203,40,10,sunny,2,7.040735115571712
1397,87,6,cloudy,4,6.8382502844381285
1356,29,2,cloudy,3,6.569316468015019
24,155,2,hot,2,6.408383170528072
1427,69,9,rainy,3,8.267424685001664
0,143,1,sunny,1,6.774505754586422
1252,169,2,rainy,5,6.187683032830272
45,102,9,rainy,5,7.36786069412362
14,52,0,sunny,3,7.714597415750346
1268,139,4,sunny,5,6.668269771905856
1274,69,4,cloudy,2,7.375501087015473
1308,160,10,cloudy,3,6.9996275859120045
56,40,6,sunny,4,6.8088580189315095
1343,14,3,cold,2,7.870226014928794
3,171,2,cloudy,2,8.131264868906664
1331,19,0,cold,2,7.236198762047181
1378,98,7,sunny,4,5.477208626275633
1317,139,2,cloudy,1,7.697873825457164
1416,135,1,rainy,5,9.215882191319665
1236,20,10,sunny,3,7.015770421187296
1302,168,3,hot,1,7.602189309523646
1319,65,2,cold,3,7.5043652923653
1385,92,0,sunny,5,8.770865790169642
1238,146,2,sunny,4,7.2934992223535176
55,108,1,cloudy,2,7.339255336903847
45,158,7,cloudy,2,7.469141386920924
1283,82,5,cloudy,4,7.031834811986265
1210,165,8,hot,1,6.2918630025903735
1272,124,7,cloudy,1,7.653992264680323
1353,16,9,sunny,3,6.98796562224791
1284,89,2,cloudy,4,6.853734986123643
1266,153,4,rainy,1,9.071371976661231
51,106,6,cloudy,4,7.244073913829755
3,13,4,hot,5,7.937124597728651
58,13,7,rainy,2,7.287825816205804
1327,112,4,sunny,2,6.7625111445705475
19,49,0,sunny,2,8.294628228930689
1228,26,4,cold,4,7.670385712002989
1433,110,3,rainy,4,7.0741155275630865
1252,112,5,cold,3,7.2601662702651675
1250,133,2,rainy,2,6.940036413818649
44,61,10,rainy,3,6.387953258202396
1425,61,4,hot,2,6.440271945869351
1389,173,1,cold,3,7.421373833557665
1422,133,10,hot,3,6.385059841989414
1353,175,5,rainy,5,8.141312332167125
56,72,5,sunny,3,7.284994081601031
1405,125,4,rainy,4,7.022607123516851
1360,71,5,hot,3,7.528746513823719
1308,16,10,cold,2,5.864506017953919
1317,164,6,cold,3,6.950981654473118
1322,101,4,hot,1,7.708346140984366
1375,23,0,cold,2,8.035957858800948
5,95,7,cloudy,1,7.750906831683969
4,142,3,sunny,2,8.915032653892835
1264,139,8,sunny,4,7.583636153131269
1433,71,9,sunny,4,7.697510565608062
1306,158,5,cold,4,8.634495194244197
1402,88,0,cold,1,7.034265827523015
1428,158,2,rainy,5,7.472160393487848
8,147,2,rainy,2,6.69015684150032
1234,67,9,sunny,4,7.396427219195952
1219,129,3,cloudy,2,7.471567993557982
1377,176,5,rainy,1,6.798027049029022
48,142,6,rainy,5,7.160099646976058
1438,74,9,cold,1,7.791243164916114
1241,22,3,cloudy,2,6.784976737039743
1414,91,5,sunny,5,6.672237782835668
1249,169,10,rainy,5,6.129546533533297
1217,173,0,cloudy,1,7.609139680088187
1216,148,7,cloudy,4,7.86544037207106
23,158,6,sunny,2,5.717007867863259
1262,61,10,cloudy,3,7.2088219775562035
1411,126,10,cloudy,3,6.215714757382074
34,35,8,cloudy,1,7.782481734645247
37,43,2,rainy,2,7.4744250828684855
12,61,1,sunny,2,7.880740698058279
55,121,0,cloudy,1,7.419514331942851
46,91,2,cloudy,2,8.26988377527506
1344,166,4,rainy,4,8.293229272106652
1388,175,10,sunny,1,5.764557256055785
3,51,1,cold,4,7.180229293446713
1393,30,2,rainy,2,7.950615039214303
1356,51,3,sunny,1,6.922466142128244
1353,150,6,cloudy,2,7.469394073199302
1390,122,2,sunny,1,7.983043815839457
1240,114,8,sunny,2,6.2774581106705325
1315,26,7,sunny,4,6.851599668636759
1202,129,3,cold,4,7.028426981067007
1258,146,0,sunny,2,7.711856698651118
1227,178,0,cold,1,7.812899505761008
28,138,0,cloudy,3,5.842696689147579
1328,139,0,cold,4,7.049185541036666
1202,69,7,cloudy,4,7.223283996863551
1344,57,2,cloudy,3,7.081293934922345
1413,38,5,cold,2,5.528052607455777
1271,106,2,rainy,1,6.410371488826898
1421,19,10,hot,2,6.066939022432708
1388,67,4,sunny,5,7.1341562702133885
14,30,6,hot,4,6.917817361377375
1299,37,1,sunny,5,7.408593331982795
1404,43,5,sunny,4,8.192592429858932
1384,17,5,cloudy,4,8.138997278137982
1270,88,10,sunny,5,7.004741307910036
1318,154,2,sunny,5,7.091257801481703
1413,96,5,cold,2,6.514270979084367
1283,97,9,hot,5,6.630206668086841
1439,78,9,cold,2,5.962621346701529
1394,169,4,sunny,2,6.882583162787604
37,96,1,cloudy,2,8.29469787539582
1207,110,8,cold,4,8.012544984265707
1438,17,7,cold,4,7.365631943992189
1324,86,2,rainy,5,8.075689495805307
1247,96,7,sunny,4,5.019921930462336
1225,52,8,cloudy,5,6.8193648062645025
1217,138,2,cold,4,7.244652545525505
5,118,2,cold,1,8.714354063582984
1416,161,1,cloudy,1,7.492013213666392
59,161,7,sunny,5,7.058108881572423
1427,26,9,rainy,4,7.5749897803642
12,142,0,cold,4,7.385287387147688
27,157,7,rainy,2,7.992826576188862
1324,30,6,hot,3,5.650731018127916
12,67,6,sunny,5,7.329798787145032
1276,168,2,hot,3,7.831464634109548
1369,119,0,hot,3,6.11798500362459
39,148,3,hot,5,8.170443415941705
1244,152,8,sunny,4,6.540852412210587
1291,144,4,sunny,5,6.9804794726025685
1288,37,0,cloudy,3,7.348860131230954
1310,60,4,rainy,4,8.12467442146824
1377,14,7,rainy,1,6.937790316489381
2,14,7,cloudy,5,7.729368473754893
55,103,4,cloudy,5,7.426177107599287
1239,105,8,hot,4,6.484666505378629
1233,17,0,cloudy,1,8.268023163719407
1299,73,3,cold,1,7.0856602878263
1226,147,2,rainy,4,7.640867347756391
1332,47,1,cloudy,2,7.545476879518626
44,120,7,cold,5,7.731518323620964
1292,121,6,cold,5,7.697587567246806
1205,90,8,cold,3,6.958876214034761
1343,145,1,cold,4,7.0768086903704015
1338,113,3,hot,3,6.601138956455492
1215,162,5,cold,3,7.155328638101159
39,82,10,hot,1,6.596271156172491
1227,58,2,hot,5,6.386932832104208
1292,45,7,cold,3,6.366118356976452
1258,135,2,rainy,1,8.343890116109787
1378,77,1,cold,4,7.223114561797144
1247,87,2,cold,3,8.194920199148225
40,114,10,cold,5,6.936693740665911
1392,178,5,rainy,3,8.04378294480321
1242,131,1,sunny,4,8.120076542177529
44,128,7,sunny,3,6.356559299228315
24,123,0,hot,5,5.935371114427376
1372,19,6,hot,1,6.028298181731895
41,158,1,rainy,5,6.635637397641151
35,173,9,cloudy,1,8.062946527164879
26,149,5,sunny,2,6.91550585555305
37,100,1,hot,5,7.719795558937692
1319,11,1,sunny,5,8.748787283188674
1266,127,9,rainy,4,6.599312044109447
1324,22,7,rainy,3,7.300519910654586
1242,169,1,cloudy,1,7.977257232336886
44,104,6,cloudy,1,7.396554729840547
1257,153,2,rainy,4,7.297289525862213
1256,41,7,hot,4,6.897104728179858
1370,41,6,sunny,3,7.2077439031615365
30,133,7,cold,3,7.853507903028196
22,20,6,cloudy,5,8.78769263361126
1421,19,10,cold,2,7.456652059645399
1209,24,5,hot,3,8.092474911794186
1231,26,6,cloudy,4,7.539611202912529
1302,177,4,cold,3,7.294577807616938
1432,155,6,hot,1,7.557382232424257
1289,162,0,sunny,2,7.937382042589322
1298,68,0,hot,5,7.041493924026761
1290,87,8,cloudy,1,5.85756302823878
1337,133,4,rainy,1,6.883702895150322
1355,123,4,sunny,2,7.646212952568643
1261,31,2,cold,5,8.385394238125905
1393,167,4,cloudy,4,6.036135333650111
1212,41,2,rainy,5,5.918490743845047
1408,122,8,hot,3,6.696561293889283
11,129,8,rainy,1,7.184113187448225
1358,158,5,cloudy,3,6.319594720043305
1201,131,0,cloudy,4,7.226343214794725
1231,41,6,rainy,3,8.159240978184682
12,128,6,hot,5,7.327788934647523
45,48,9,rainy,3,7.4728972133334
1286,21,9,cloudy,4,6.734231895041888
1368,27,3,cloudy,4,7.044731892776219
1360,158,7,cold,4,6.809435689700202
1396,150,5,cold,5,7.635325208107966
1299,158,3,sunny,4,6.383460077575852
1290,135,3,cloudy,1,8.599421248960978
1293,145,1,cold,4,7.812516671026092
1319,55,1,rainy,3,7.474699851761083
1343,113,3,hot,3,7.7314409374619455
1364,144,4,rainy,3,7.8610558080068005
1294,160,7,hot,5,6.558716668584683
1427,95,5,cold,3,7.050668779358991
1205,159,3,sunny,5,7.976506508356171
1218,98,10,rainy,5,8.082148834291122
1409,31,6,rainy,4,7.637661886160337
1266,101,7,rainy,1,6.133887473349504
1329,38,1,hot,4,7.397340649282055
1240,22,6,cold,4,8.166894112602286
31,11,1,rainy,5,7.146228606146484
33,38,1,rainy,5,7.584131607093987
1407,36,7,sunny,3,7.628660340713388
1319,59,1,sunny,3,7.143475186664106
1214,104,10,cold,4,7.836903665435842
1289,160,8,cold,2,7.756114322349941
1236,97,0,cloudy,2,8.98883440934645
1408,53,8,sunny,3,7.467764743102092
1401,31,0,cloudy,2,7.249365393772825
3,174,9,hot,3,6.650714946066211
1279,106,9,cloudy,5,7.790197119378214
31,12,1,rainy,4,8.577846510909016
1295,127,5,cloudy,1,6.661108368407675
49,28,5,cold,4,6.8163771009246625
1323,32,0,hot,3,7.077741581363296
1346,166,6,rainy,3,8.21145357491822
1336,39,7,cloudy,4,7.490175199309378
1331,48,1,hot,3,7.2306235267010885
1221,117,7,hot,2,7.005413675265087
1336,120,8,rainy,2,6.359530066541238
1389,34,5,cloudy,3,6.875434280664912
1433,137,4,hot,3,7.1945594063451574
1200,120,8,hot,2,6.967772444182468
1341,145,10,sunny,3,8.362214919029539
1345,115,8,hot,3,6.328156209216504
1375,153,0,sunny,4,6.493336611647876
58,81,10,cloudy,1,5.936415234744283
1277,138,2,cloudy,2,6.821199784530067
49,117,8,cloudy,4,6.489064091422711
1273,14,10,cold,1,6.377724556723105
1366,12,1,cloudy,3,8.449474544949371
1348,141,3,hot,3,6.635317992459865
11,113,3,rainy,4,7.700545520459932
35,73,1,sunny,3,9.08305335699543
1318,115,2,cold,5,8.004060432706437
1414,107,2,cloudy,4,7.95531938665767
1311,19,0,cloudy,1,9.236334941083333
11,158,5,rainy,4,8.047301350914271
6,137,7,rainy,2,7.152692460868644
1228,55,2,cold,4,7.398449247241767
10,164,4,sunny,3,7.37413425987899
1232,75,0,cloudy,3,7.541098777258115
1385,178,9,cold,5,6.677945711729127
1306,121,6,hot,5,7.373275613073643
1274,22,9,hot,5,7.71346347427196
1231,146,0,cold,1,6.438950435685857
1310,173,10,cloudy,5,8.311035503267357
10,95,8,cold,1,7.456494742359369
1377,99,7,cloudy,5,7.034177827350923
1222,67,6,rainy,1,7.673914695048881
1285,63,9,cold,4,7.830190096674952
1233,21,6,cloudy,4,6.143840777000952
1245,23,4,cold,3,7.598321855832814
1353,130,4,cold,1,6.627878664003596
28,171,10,cloudy,2,8.891985032598388
1203,130,4,cloudy,3,7.3152213549238105
1276,29,0,sunny,4,7.091912904845216
1414,84,7,cold,1,9.517869779298007
1212,153,10,hot,5,6.3887666873176805
1240,79,0,cold,2,7.430711819342288
1358,65,3,cold,4,7.228926812980679
14,110,8,cloudy,3,6.569077917812454
1434,141,8,cold,1,7.257061866923191
1288,120,4,cold,2,5.688231151881789
1408,134,3,hot,1,8.124293778830143
1270,141,2,cloudy,5,6.492059526464138
51,29,2,cold,3,7.450337262837711
1291,147,4,rainy,1,7.386163041037185
1321,33,9,sunny,4,6.832024930882494
1366,163,0,hot,3,7.311341233496325
1333,46,4,cold,4,6.7129085713069445
1339,63,5,rainy,1,8.985001974782433
1401,112,6,cold,3,7.261086145862073
10,158,8,cold,4,6.264240712218507
1286,47,2,cloudy,5,7.907139327386118
1262,13,1,cloudy,5,7.077700667445284
1336,66,2,cloudy,1,8.86758937659769
1363,29,8,rainy,3,7.579817188675919
1255,26,6,cold,2,6.633765540624555
27,128,8,sunny,3,7.579043551903334
1408,80,1,hot,5,7.5066829298864555
1280,13,4,cloudy,4,6.6188224437935625
1246,23,3,cloudy,2,7.999440774681322
1215,12,1,cold,1,8.129473131208892
1296,89,8,cold,2,7.85633687760741
1438,64,8,rainy,1,6.8745496969825295
1219,141,5,rainy,2,7.221236593777133
1205,129,10,cloudy,1,7.210755948057333
18,33,5,cold,1,8.604206820635845
1436,171,7,sunny,2,6.396539153009561
1204,167,5,hot,2,7.834167357561635
1382,91,0,cold,1,8.216430443463482
1318,156,3,cold,5,7.435112212974487
1320,168,6,rainy,2,6.670071727510444
1257,69,1,hot,3,7.660195090498032
59,156,8,cloudy,4,7.071912566120712
1297,58,7,cold,1,8.545906334345801
1394,72,7,cloudy,1,6.895581935608571
1293,119,6,cold,4,6.2524822514648815
1234,159,3,cloudy,5,7.404162283905059
1428,161,1,hot,4,7.333801471004113
1344,118,2,rainy,2,7.355227281250878
1283,85,5,hot,4,6.983865081697421
1211,39,4,sunny,1,7.65533307059252
17,67,7,rainy,4,7.423715828051624
1394,126,5,hot,3,7.776835112832379
1303,168,5,sunny,2,7.293550764405292
1275,109,0,cold,4,7.495787675706523
1346,28,3,cold,1,8.026690859585742
1327,103,4,cloudy,2,7.825532950333955
59,122,10,rainy,1,6.064433060004868
45,155,2,cold,5,6.330540911904023
1224,72,8,rainy,3,8.36573146185273
1216,125,0,cold,5,7.80018103950465
28,122,5,cloudy,3,7.21639413080126
52,56,5,hot,4,7.352744670761013
1387,66,9,cloudy,2,6.768891340313665
1334,127,4,sunny,4,7.119094097902314
1226,54,4,cold,3,6.602760200752649
1365,170,9,sunny,3,7.484483306152884
1369,154,4,sunny,3,7.497745580418976
51,13,5,rainy,1,7.813398834543067
1386,157,7,cold,2,6.04933279320209
1262,56,1,sunny,4,8.114053289334194
1408,152,5,hot,4,6.682263695083074
1423,56,0,sunny,5,7.328143239263235
1372,87,3,hot,3,7.418481057503251
1403,133,9,rainy,3,8.20594676119727
1259,84,2,sunny,3,7.565345644646976
1377,112,8,cloudy,4,5.214264935533581
1202,146,2,rainy,5,6.862004260681677
1279,99,5,hot,1,7.645378712797735
1365,153,0,rainy,2,6.3782599380503795
1274,78,5,sunny,1,7.838719722823018
1344,70,3,cold,4,7.717660403310058
29,147,7,cold,3,7.826649765321755
1393,59,10,hot,2,6.519934672246092
6,12,8,hot,4,6.621452400113796
1276,116,3,cold,4,7.999265791164445
1423,122,9,hot,4,6.655093376595741
1339,103,9,rainy,2,6.9166274170779944
1415,127,5,cloudy,2,8.655689291211624
1208,90,0,cloudy,5,8.142804134274202
1417,118,3,rainy,5,6.099008666798719
1247,60,6,cloudy,1,8.039365820374556
1436,156,0,sunny,2,7.826718215640142
1259,179,7,rainy,2,7.60324840407977
1281,44,9,hot,2,6.765306229154062
53,55,10,rainy,5,7.219178905798248
1372,163,5,cold,4,6.9257389407912076
1432,78,4,hot,3,6.507448975588794
1,102,9,cold,5,7.61123483711643
1343,73,10,hot,2,6.5397009756749505
1327,174,8,cloudy,5,7.807470251008852
1210,58,1,rainy,1,7.296321888125365
1272,158,4,sunny,2,6.1228531175899334
1276,83,5,hot,1,6.897010719992908
7,14,6,hot,2,7.662219071011596
1280,109,4,cold,5,7.159379388395663
1397,79,8,cloudy,4,4.776008823381398
1289,99,0,cold,3,8.109303187063832
17,13,6,cold,1,7.650527150211011
1305,135,9,cloudy,5,7.436879534472564
1426,48,6,sunny,4,6.973809966333727
1230,172,3,cold,5,6.494263077788836
37,138,8,cold,1,8.293455205283701
1231,33,10,hot,3,6.031794368577009
1210,66,4,cloudy,5,7.118778165041445
1244,109,3,rainy,2,7.269911927939788
1344,79,6,sunny,4,7.49207404677657
1352,50,3,sunny,5,7.601590389617207
1259,69,2,cloudy,4,7.058406752176499
37,117,8,hot,2,7.6259959185053185
1420,66,10,hot,3,7.173655869463818
1387,40,7,cloudy,3,6.245367915436323
1270,93,0,hot,2,7.675041397034261
21,161,6,sunny,4,7.533696546850555
1370,45,8,sunny,5,8.780823365584085
1223,167,7,rainy,2,7.17419330478481
1300,161,7,cloudy,1,5.405582269421468
1396,117,5,cold,4,6.052876040589873
1331,115,10,cold,3,7.83723391310831
1376,167,3,rainy,2,6.576810006602114
1245,95,7,rainy,3,5.896521236272475
1411,144,2,hot,4,8.095692776970127
14,172,8,rainy,3,6.557112111997123
1335,23,1,rainy,2,8.464949871616547
1253,129,1,cold,4,6.900246084057999
21,147,6,hot,1,8.426842546969056
1407,89,9,rainy,2,7.4154329180939325
1339,153,3,rainy,5,7.01453622969245
32,115,9,hot,2,5.647072136266564
9,79,7,cloudy,4,8.803492498876789
39,53,8,hot,2,7.173179730652987
1351,82,6,cold,1,6.878986630669237
1369,54,4,cloudy,1,8.532283627649763
1319,116,7,sunny,5,7.630548341917587
1412,93,3,hot,3,8.057296640610394
1201,91,1,cold,4,7.480530646930289
32,116,10,cloudy,4,8.130790308003744
1292,30,5,hot,3,6.473399719707282
1240,170,8,rainy,1,6.238032910879191
1272,16,0,hot,1,8.211745635028093
1349,79,10,sunny,2,7.3213490133405426
32,136,9,hot,5,6.838308592351637
1212,152,6,cloudy,5,7.282928668429809
1251,169,9,cloudy,5,6.1887658854297
1225,157,8,hot,2,7.616485708242563
1221,152,9,cloudy,5,6.780819047469862
1238,158,8,rainy,3,6.564417481715871
1261,179,9,hot,2,6.021862678534923
37,163,10,rainy,3,6.140425822887163
1358,129,2,rainy,2,7.040694464845868
1345,137,10,cold,5,7.218503097760723
1365,151,4,hot,3,7.746851253321557
1377,66,7,cloudy,3,7.48281583241198
1309,174,7,rainy,3,7.040281235411194
1394,67,3,cold,2,7.860150151022678
33,30,10,hot,4,6.100385487494406
1241,91,10,hot,5,7.33699739944482
1434,78,0,sunny,3,7.42471937724659
1363,140,0,sunny,4,7.756676208664917
1428,96,3,rainy,5,7.153886573010135
39,174,5,sunny,5,7.4988241076858255
1210,58,7,rainy,3,7.42213159399201
1202,156,5,cloudy,3,6.556785367945659
58,124,8,rainy,2,6.887717358181603
5,98,8,sunny,4,6.78721641248524
1328,94,1,cloudy,4,8.700753702696367
1205,137,9,sunny,3,5.68440777549177
1388,149,0,rainy,5,7.11351548599511
1298,178,1,cold,3,7.268489598196774
1290,170,4,hot,5,6.748998978427925
31,126,3,sunny,5,7.254449167463667
1360,136,3,rainy,3,6.86796390298377
1309,80,8,cloudy,1,6.964134055679191
1211,95,10,sunny,4,7.293952835189362
7,42,7,sunny,5,7.49522601752635
1387,90,5,hot,5,7.651460411759596
49,161,0,rainy,1,6.543890393427955
1407,70,1,cold,2,7.656647393326454
19,70,5,cloudy,1,7.106377168117373
46,107,10,rainy,1,7.1456463746681145
58,37,1,cloudy,5,7.292451308862334
1386,52,9,sunny,4,6.450971040398205
1390,178,4,hot,1,6.8783810052178165
19,176,4,hot,2,8.853737494552849
1275,95,5,cold,3,6.931170658928937
1323,26,5,hot,1,7.6138669965335914
1325,107,5,sunny,1,7.652737395927435
1377,107,1,cold,2,8.021029318435737
1401,74,9,rainy,4,7.2820122078145495
1405,83,2,hot,1,7.379944607538585
1262,94,5,cold,1,7.161777476903575
1360,14,7,sunny,4,6.806545628270588
1379,11,10,cloudy,2,7.2274838189796915
41,31,0,cloudy,1,8.25387905546608
1393,121,0,sunny,4,8.055005957046927
1330,66,10,sunny,1,6.566068983210593
1277,75,1,cloudy,3,8.367872193799315
1313,83,10,cold,5,7.4225273843829
1331,107,5,cloudy,3,6.315544130611106
1402,153,8,sunny,1,6.334977370165752
1271,121,3,hot,2,8.028268661900073
12,134,2,rainy,5,6.724495038794921
1284,176,7,hot,3,7.5603684415307315
1244,95,10,hot,4,6.7354739150486225
1250,85,9,sunny,2,7.437960767206658
1437,97,8,cloudy,3,7.026029947352608
1338,177,10,cold,4,7.469997959870021
